{"K": [[1173.4605, 0.0, 698.37359], [0.0, 1172.6029, 486.06337], [0.0, 0.0, 1.0]], "resolution": [1056, 1440]}
